<?xml version="1.0" encoding="UTF-8"?>
<!DOCTYPE hibernate-configuration PUBLIC "-//Hibernate/Hibernate Configuration DTD 3.0//EN"
    "http://www.hibernate.org/dtd/hibernate-configuration-3.0.dtd">
<hibernate-configuration>
    <session-factory>
        <property name="hibernate.connection.password">mvj@123$</property>
        <property name="hibernate.connection.url">jdbc:mysql://localhost:3306/studentdata</property>
        <property name="hibernate.connection.username">root</property>
        <property name="hibernate.hbm2ddl.auto">update</property>
        <property name="hibernate.show_sql">true</property>
        <mapping class="com.example.demohibernate.entity.Student1"/>
    </session-factory>
</hibernate-configuration>